Date,SPY,SOXX,SOYB,CARZ,AGG
1/4/2016,201.020004,88.800003,17.23,35.23,107.970001
1/5/2016,201.360001,87.959999,17.190001,35.02,108.019997
1/6/2016,198.820007,84.919998,17.26,33.830002,108.43
1/7/2016,194.050003,82.540001,17.32,32.950001,108.419998
1/8/2016,191.919998,81.349998,17.33,32.75,108.660004
1/11/2016,192.110001,81.629997,17.25,32.720001,108.349998
1/12/2016,193.660004,82.309998,17.49,33.18,108.589996
1/13/2016,188.830002,79.690002,17.530001,32.610001,108.839996
1/14/2016,191.929993,81.330002,17.52,32.560001,108.800003
1/15/2016,187.809998,77.660004,17.450001,31.690001,108.93
1/19/2016,188.059998,77.790001,17.51,32.02,108.82
1/20/2016,185.649994,78.300003,17.440001,31.08,108.910004
1/21/2016,186.690002,79.459999,17.51,31.15,108.760002
1/22/2016,190.520004,80.910004,17.459999,31.959999,108.839996
1/25/2016,187.639999,79.790001,17.540001,31.4,108.779999
1/26/2016,190.199997,80.529999,17.51,31.82,108.919998
1/27/2016,188.130005,79.610001,17.65,31.65,108.940002
1/28/2016,189.110001,79.43,17.379999,31.91,109.029999
1/29/2016,193.720001,83.029999,17.43,32.130001,109.349998
2/1/2016,193.649994,83.400002,17.51,32.130001,108.989998
2/2/2016,190.160004,80.650002,17.68,31.219999,109.32
2/3/2016,191.300003,80.839996,17.559999,30.75,109.309998
2/4/2016,191.600006,82.239998,17.52,30.68,109.419998
2/5/2016,187.949997,79.419998,17.35,30.09,109.32
2/8/2016,185.419998,77.419998,17.23,29.459999,109.739998
2/9/2016,185.429993,76.980003,17.200001,29.08,109.730003
2/10/2016,185.270004,76.379997,17.26,29.219999,110
2/11/2016,182.860001,75.790001,17.48,28.620001,110.07
2/12/2016,186.630005,77.449997,17.450001,28.620001,109.769997
2/16/2016,189.779999,80.169998,17.5,29.84,109.5
2/17/2016,192.880005,82.080002,17.59,30.65,109.440002
2/18/2016,192.089996,81.690002,17.57,30.75,109.769997
2/19/2016,192,82.050003,17.540001,30.280001,109.790001
2/22/2016,194.779999,83.339996,17.6,30.77,109.82
2/23/2016,192.320007,82.029999,17.370001,30.25,109.839996
2/24/2016,193.199997,83.120003,17.35,30.110001,109.879997
2/25/2016,195.539993,84.129997,17.219999,30.1,110.160004
2/26/2016,195.089996,84.669998,17.139999,30.32,109.959999
2/29/2016,193.559998,84.470001,17.15,30.68,110.089996
3/1/2016,198.110001,86.75,17.059999,31.24,109.540001
3/2/2016,199,87.290001,17.120001,31.66,109.419998
3/3/2016,199.779999,87.389999,17.18,32.189999,109.550003
3/4/2016,200.429993,88.290001,17.48,32.830002,109.379997
3/7/2016,200.589996,88.690002,17.51,32.75,109.349998
3/8/2016,198.399994,86.68,17.51,32,109.620003
3/9/2016,199.380005,87.290001,17.52,32,109.57
3/10/2016,199.539993,87.730003,17.629999,31.83,109.620003
3/11/2016,202.759995,89.400002,17.74,32.830002,109.419998
3/14/2016,202.5,89.190002,17.790001,32.849998,109.480003
3/15/2016,202.169998,88.959999,17.690001,32.439999,109.379997
3/16/2016,203.339996,89.760002,17.76,32.959999,109.849998
3/17/2016,204.630005,90.379997,17.799999,33.130001,110.080002
3/18/2016,204.380005,91.57,17.809999,33.220001,110.169998
3/21/2016,204.669998,91.690002,17.9,33.419998,109.93
3/22/2016,204.559998,91.669998,18.01,33.459999,109.860001
3/23/2016,203.210007,90.199997,17.879999,33.09,110.099998
3/24/2016,203.119995,90.139999,18.040001,32.52,110.110001
3/28/2016,203.240005,90.089996,18.02,32.98,110.190002
3/29/2016,205.119995,91.330002,18.129999,33.349998,110.519997
3/30/2016,206.020004,92.129997,17.969999,33.529999,110.480003
3/31/2016,205.520004,91.620003,18.02,33.529999,110.830002
4/1/2016,206.919998,92.25,18.219999,32.639999,110.510002
4/4/2016,206.25,91.43,18.129999,32.169998,110.620003
4/5/2016,204.190002,90.919998,17.959999,31.309999,110.769997
4/6/2016,206.419998,91.790001,18.040001,31.559999,110.75
4/7/2016,203.949997,90.389999,17.98,31.049999,110.989998
4/8/2016,204.5,90.809998,18.15,31.59,110.879997
4/11/2016,204.020004,90.790001,18.389999,31.77,110.959999
4/12/2016,205.919998,90.660004,18.51,32.23,110.779999
4/13/2016,208,92.690002,18.84,33.119999,110.830002
4/14/2016,208.009995,91.980003,18.68,33.119999,110.639999
4/15/2016,207.779999,91.190002,18.83,32.700001,110.949997
4/18/2016,209.240005,91.199997,18.790001,33.18,110.940002
4/19/2016,209.899994,90.089996,19.25,33.900002,110.93
4/20/2016,210.100006,90.949997,19.389999,34,110.660004
4/21/2016,208.970001,90.410004,19.42,34.02,110.510002
4/22/2016,208.970001,90.57,19.1,33.900002,110.519997
4/25/2016,208.610001,90.029999,19.360001,33.75,110.400002
4/26/2016,208.919998,91.230003,19.58,33.919998,110.349998
4/27/2016,209.350006,92.160004,19.440001,33.889999,110.68
4/28/2016,207.449997,89.75,19.5,33.240002,110.900002
4/29/2016,206.330002,87.379997,19.52,32.689999,110.889999
5/2/2016,207.970001,88.040001,19.77,32.970001,110.610001
5/3/2016,206.160004,87.040001,19.469999,32.32,110.809998
5/4/2016,205.009995,86.050003,19.620001,31.77,110.860001
5/5/2016,204.970001,86.260002,19.360001,31.610001,111.139999
5/6/2016,205.720001,86.379997,19.74,31.969999,110.970001
5/9/2016,205.889999,86.269997,19.559999,31.92,111.040001
5/10/2016,208.449997,87.290001,20.360001,32.709999,111.089996
5/11/2016,206.5,87.080002,20.299999,32.290001,111.089996
5/12/2016,206.559998,85.519997,20.120001,32.310001,110.989998
5/13/2016,204.759995,85.830002,20.01,31.82,111.199997
5/16/2016,206.779999,87.209999,20.02,32.040001,111.010002
5/17/2016,204.850006,86.639999,20.26,31.82,110.860001
5/18/2016,204.910004,87.989998,20.07,31.469999,110.400002
5/19/2016,204.199997,87.5,19.99,31.440001,110.470001
5/20/2016,205.490005,90.150002,19.889999,31.639999,110.540001
5/23/2016,205.210007,90.779999,19.639999,31.57,110.519997
5/24/2016,207.869995,92.970001,19.57,32.080002,110.459999
5/25/2016,209.279999,93.519997,19.91,32.450001,110.480003
5/26/2016,209.339996,93.830002,19.940001,32.720001,110.650002
5/27/2016,210.240005,94.419998,20.129999,32.48,110.629997
5/31/2016,209.839996,94.970001,20.07,32.990002,110.699997
6/1/2016,210.270004,95.470001,20.209999,32.59,110.419998
6/2/2016,210.910004,95.489998,20.360001,32.580002,110.699997
6/3/2016,210.279999,95.769997,20.530001,32.52,111.300003
6/6/2016,211.350006,95.550003,20.85,32.779999,111.150002
6/7/2016,211.679993,96.459999,21.01,33.049999,111.25
6/8/2016,212.369995,96.419998,21.559999,32.939999,111.290001
6/9/2016,212.080002,96.529999,21.469999,32.43,111.370003
6/10/2016,210.070007,94.949997,21.610001,31.75,111.519997
6/13/2016,208.449997,94.459999,21.620001,31.26,111.610001
6/14/2016,208.039993,94.43,21.41,30.91,111.559998
6/15/2016,207.75,94.419998,21.200001,31.41,111.800003
6/16/2016,208.369995,94.410004,20.889999,31.200001,111.870003
6/17/2016,206.520004,93.610001,21.35,31.6,111.790001
6/20/2016,207.850006,94.650002,21.1,32.380001,111.480003
6/21/2016,208.440002,94.650002,20.690001,32.299999,111.400002
6/22/2016,208.100006,94.559998,20.73,31.75,111.470001
6/23/2016,210.809998,96.919998,20.540001,32.509998,111.279999
6/24/2016,203.240005,91.660004,20.370001,30.309999,111.879997
6/27/2016,199.600006,87.940002,20.709999,29.18,112.330002
6/28/2016,203.199997,90.239998,20.940001,29.4,112.470001
6/29/2016,206.660004,92.059998,20.790001,29.959999,112.389999
6/30/2016,209.479996,93.639999,21.34,29.780001,112.620003
7/1/2016,209.919998,92.870003,21.139999,30.360001,112.650002
7/5/2016,208.410004,91.169998,20.17,29.469999,112.949997
7/6/2016,209.660004,91.290001,20.15,29.139999,113.160004
7/7/2016,209.529999,92.400002,19.360001,29.49,113.080002
7/8/2016,212.649994,94.970001,19.91,30.209999,113.25
7/11/2016,213.399994,96.040001,19.969999,30.940001,112.949997
7/12/2016,214.949997,97.290001,20.379999,31.67,112.610001
7/13/2016,214.919998,97.410004,20.65,31.700001,112.769997
7/14/2016,216.119995,98.120003,20,31.940001,112.669998
7/15/2016,215.830002,98.089996,19.860001,32.080002,112.260002
7/18/2016,216.410004,99.529999,20.07,32.220001,112.279999
7/19/2016,216.190002,99.190002,19.51,31.93,112.510002
7/20/2016,217.089996,100.760002,19.209999,32.290001,112.410004
7/21/2016,216.270004,100.050003,19.26,32.369999,112.510002
7/22/2016,217.240005,100.550003,18.93,32.419998,112.529999
7/25/2016,216.649994,101.129997,18.51,32.549999,112.400002
7/26/2016,216.75,105.050003,18.68,32.880001,112.400002
7/27/2016,216.520004,105.040001,18.84,33.209999,112.730003
7/28/2016,216.770004,104.459999,18.709999,32.709999,112.720001
7/29/2016,217.119995,104,19.08,33.130001,113.019997
8/1/2016,216.940002,104.080002,18.450001,32.889999,112.550003
8/2/2016,215.550003,102.480003,18.32,32.259998,112.220001
8/3/2016,216.179993,102.610001,18.379999,32.119999,112.339996
8/4/2016,216.410004,103.57,18.379999,32.630001,112.550003
8/5/2016,218.179993,104.889999,18.690001,33.110001,112.169998
8/8/2016,218.050003,104.769997,18.82,33.360001,112.239998
8/9/2016,218.179993,105.620003,18.860001,33.650002,112.529999
8/10/2016,217.639999,104.900002,18.76,33.580002,112.660004
8/11/2016,218.649994,105.300003,18.799999,33.810001,112.360001
8/12/2016,218.460007,105.790001,18.799999,33.59,112.629997
8/15/2016,219.089996,107.230003,19.209999,33.889999,112.43
8/16/2016,217.960007,106.480003,19.17,33.599998,112.360001
8/17/2016,218.369995,106.459999,19.309999,33.759998,112.57
8/18/2016,218.860001,107.230003,19.290001,33.52,112.730003
8/19/2016,218.539993,108.150002,19.110001,33.59,112.480003
8/22/2016,218.529999,108.199997,19.35,33.509998,112.650002
8/23/2016,218.970001,108.730003,19.280001,33.529999,112.68
8/24/2016,217.850006,107.830002,19.120001,33.709999,112.639999
8/25/2016,217.699997,108.269997,18.65,33.43,112.519997
8/26/2016,217.289993,108.75,18.559999,33.220001,112.339996
8/29/2016,218.360001,109.18,18.530001,33.549999,112.650002
8/30/2016,218,108.970001,18.32,33.73,112.589996
8/31/2016,217.380005,108.900002,18.16,33.740002,112.57
9/1/2016,217.389999,109.760002,18.200001,33.869999,112.459999
9/2/2016,218.369995,109.650002,18.389999,34.150002,112.309998
9/6/2016,219.029999,109.400002,18.49,34.459999,112.550003
9/7/2016,219.009995,108.57,18.780001,34.560001,112.610001
9/8/2016,218.509995,108.379997,18.780001,34.560001,112.220001
9/9/2016,213.279999,104.529999,18.82,33.799999,111.730003
9/12/2016,216.339996,106.480003,18.629999,34.130001,111.82
9/13/2016,213.229996,105.540001,18.280001,33.549999,111.510002
9/14/2016,213.149994,106.470001,18.27,33.349998,111.650002
9/15/2016,215.279999,108.93,18.4,33.549999,111.720001
9/16/2016,213.369995,108.959999,18.65,32.919998,111.800003
9/19/2016,213.410004,109.089996,18.809999,33.169998,111.709999
9/20/2016,213.419998,108.599998,19.049999,33.25,111.75
9/21/2016,215.820007,110.099998,18.91,33.759998,112.029999
9/22/2016,217.179993,110.459999,18.85,34.150002,112.260002
9/23/2016,215.990005,109.330002,18.51,33.75,112.230003
9/26/2016,214.240005,107.800003,18.440001,33.099998,112.370003
9/27/2016,215.570007,109.660004,18.51,33.259998,112.510002
9/28/2016,216.639999,109.879997,18.49,33.41,112.540001
9/29/2016,214.679993,111.230003,18.440001,33.139999,112.540001
9/30/2016,216.300003,112.989998,18.48,33.080002,112.419998
10/3/2016,215.779999,112.230003,18.879999,33.080002,112.089996
10/4/2016,214.679993,111.940002,18.719999,33.43,111.709999
10/5/2016,215.630005,112.760002,18.639999,34.119999,111.559998
10/6/2016,215.779999,113.419998,18.610001,33.810001,111.559998
10/7/2016,215.039993,113.25,18.58,33.669998,111.580002
10/10/2016,216.160004,112.68,18.58,33.91,111.529999
10/11/2016,213.429993,110.32,18.549999,33.330002,111.360001
10/12/2016,213.710007,109.949997,18.469999,33.290001,111.400002
10/13/2016,213.009995,108.650002,18.639999,33.040001,111.559998
10/14/2016,213.119995,109.470001,18.77,33.580002,111.370003
10/17/2016,212.380005,108.900002,19.059999,33.189999,111.559998
10/18/2016,213.710007,110.160004,18.969999,33.650002,111.739998
10/19/2016,214.279999,109.699997,19.129999,33.790001,111.800003
10/20/2016,213.880005,110.470001,18.969999,33.889999,111.760002
10/21/2016,213.979996,110.190002,19.120001,33.830002,111.830002
10/24/2016,214.889999,112.209999,19.24,33.830002,111.660004
10/25/2016,214.169998,112.110001,19.27,34.169998,111.660004
10/26/2016,213.740005,111.949997,19.559999,34.119999,111.440002
10/27/2016,213.169998,111.43,19.610001,34,111.160004
10/28/2016,212.539993,110.760002,19.41,34.029999,111.160004
10/31/2016,212.550003,111.360001,19.42,33.91,111.300003
11/1/2016,211.009995,110.370003,19.049999,33.549999,111.029999
11/2/2016,209.740005,109.639999,18.969999,33.240002,111.160004
11/3/2016,208.779999,109.449997,19.02,33.029999,111.010002
11/4/2016,208.550003,108.760002,19.040001,32.669998,111.239998
11/7/2016,213.149994,111.82,19.200001,33.400002,111.110001
11/8/2016,214.110001,112.050003,19.360001,33.599998,110.93
11/9/2016,216.380005,111.519997,19.110001,32.98,109.900002
11/10/2016,216.919998,109.110001,19.27,32.700001,109.449997
11/11/2016,216.419998,113.290001,19.059999,32.959999,109.25
11/14/2016,216.589996,112.699997,18.950001,32.830002,108.809998
11/15/2016,218.279999,114.809998,19.07,32.919998,108.889999
11/16/2016,217.869995,116.129997,19.01,32.790001,109.129997
11/17/2016,218.990005,117.379997,19,32.91,108.720001
11/18/2016,218.5,118.230003,19.16,32.93,108.370003
11/21/2016,220.149994,119.019997,19.610001,33.07,108.459999
11/22/2016,220.580002,120.290001,19.75,33.099998,108.559998
11/23/2016,220.699997,120.440002,19.809999,32.91,108.18
11/25/2016,221.520004,120.650002,19.91,33.560001,108.169998
11/28/2016,220.479996,120.290001,20.120001,33.490002,108.550003
11/29/2016,220.910004,120.07,19.950001,33.509998,108.669998
11/30/2016,220.380005,119.379997,19.74,33.439999,108.239998
12/1/2016,219.570007,113.550003,19.719999,33.66,107.68
12/2/2016,219.679993,114.949997,19.719999,33.439999,108.019997
12/5/2016,221,116.349998,19.93,33.84,108.110001
12/6/2016,221.699997,117.959999,20.02,34.09,108.089996
12/7/2016,224.600006,120.389999,20.120001,35.16,108.370003
12/8/2016,225.149994,121.440002,19.65,35.34,108.169998
12/9/2016,226.509995,121.029999,19.91,35.400002,107.839996
12/12/2016,226.25,120.080002,19.790001,35.09,107.739998
12/13/2016,227.759995,121.480003,19.799999,35.41,107.879997
12/14/2016,225.880005,121.370003,19.65,35.150002,107.290001
12/15/2016,226.809998,123.440002,19.709999,34.950001,107.160004
12/16/2016,225.039993,122.190002,19.809999,34.889999,107.230003
12/19/2016,225.529999,123.400002,19.6,35.060001,107.510002
12/20/2016,226.399994,124.580002,19.290001,35.220001,107.410004
12/21/2016,225.770004,124.290001,19.35,35.02,107.639999
12/22/2016,225.380005,124.889999,19.07,34.740002,107.389999
12/23/2016,225.710007,125.529999,18.969999,34.82,107.419998
12/27/2016,226.270004,127.080002,19.370001,34.77,107.339996
12/28/2016,224.399994,124.669998,19.26,34.610001,107.510002
12/29/2016,224.350006,124.650002,19.190001,34.459999,107.839996
12/30/2016,223.529999,122.720001,19.1,34.419998,108.059998
1/3/2017,225.240005,122.720001,18.93,35.029999,108.169998
1/4/2017,226.580002,123.059998,19.219999,35.849998,108.199997
1/5/2017,226.399994,122.010002,19.24,35.91,108.650002
1/6/2017,227.210007,122.980003,18.940001,35.68,108.290001
1/9/2017,226.460007,124.279999,19.110001,35.639999,108.470001
1/10/2017,226.460007,124.879997,19.280001,35.830002,108.440002
1/11/2017,227.100006,125.309998,19.17,36.16,108.57
1/12/2017,226.529999,124.260002,19.65,35.93,108.610001
1/13/2017,227.050003,125.07,19.780001,36.029999,108.419998
1/17/2017,226.25,123.059998,20.059999,35.869999,108.790001
1/18/2017,226.75,124.739998,20.190001,35.990002,108.32
1/19/2017,225.910004,124.18,20.120001,36.029999,108.040001
1/20/2017,226.740005,125.779999,20.07,36.110001,108.080002
1/23/2017,226.149994,125.010002,20.01,36.150002,108.379997
1/24/2017,227.600006,127.43,19.99,36.330002,108.209999
1/25/2017,229.570007,129.320007,19.950001,36.580002,107.919998
1/26/2017,229.330002,128.589996,19.85,36.279999,107.989998
1/27/2017,228.970001,130.190002,19.85,35.990002,108.080002
1/30/2017,227.550003,129.539993,19.379999,35.59,108.029999
1/31/2017,227.529999,127.860001,19.389999,35.700001,108.290001
2/1/2017,227.619995,129.889999,19.65,35.599998,107.919998
2/2/2017,227.770004,129.830002,19.68,35.470001,107.980003
2/3/2017,229.339996,130.5,19.5,35.689999,108.010002
2/6/2017,228.929993,130.960007,19.690001,35.560001,108.32
2/7/2017,228.940002,131.440002,19.75,35.360001,108.43
2/8/2017,229.240005,131.690002,20.01,35.610001,108.739998
2/9/2017,230.600006,130.539993,19.9,35.48,108.480003
2/10/2017,231.509995,130.460007,20.01,35.75,108.459999
2/13/2017,232.770004,130.729996,19.969999,36.279999,108.300003
2/14/2017,233.699997,130.369995,19.790001,36.490002,108.059998
2/15/2017,234.919998,131.380005,20.049999,36.490002,107.889999
2/16/2017,234.720001,131.589996,19.76,36.290001,108.120003
2/17/2017,235.089996,132.270004,19.629999,36.209999,108.360001
2/21/2017,236.490005,134.139999,19.48,36.689999,108.349998
2/22/2017,236.279999,134.169998,19.42,36.669998,108.419998
2/23/2017,236.440002,131.990005,19.27,36.360001,108.599998
2/24/2017,236.740005,131.899994,19.24,36.110001,109
2/27/2017,237.110001,133.160004,19.299999,36.049999,108.800003
2/28/2017,236.470001,131.460007,19.549999,35.970001,108.769997
3/1/2017,239.779999,133.509995,19.809999,36.610001,108.040001
3/2/2017,238.270004,132.139999,19.549999,36.310001,107.839996
3/3/2017,238.419998,132.070007,19.5,36.360001,107.919998
3/6/2017,237.710007,132.139999,19.51,36.290001,107.870003
3/7/2017,237,132.429993,19.35,36.330002,107.730003
3/8/2017,236.559998,132.740005,19.23,36.369999,107.470001
3/9/2017,236.860001,133,19.07,36.259998,107.139999
3/10/2017,237.690002,134.520004,19,36.48,107.300003
3/13/2017,237.809998,135.529999,19.02,36.75,107.120003
3/14/2017,236.899994,135.130005,18.9,36.73,107.160004
3/15/2017,238.949997,136.199997,18.91,37.119999,107.779999
3/16/2017,238.479996,136.059998,18.92,37.099998,107.660004
3/17/2017,237.029999,136.339996,18.93,36.529999,107.889999
3/20/2017,236.770004,137.350006,18.92,36.490002,108.050003
3/21/2017,233.729996,134.130005,19,36.02,108.269997
3/22/2017,234.279999,135.550003,18.92,36.18,108.419998
3/23/2017,234.029999,135.25,18.85,36.27,108.449997
3/24/2017,233.860001,135.880005,18.559999,36.41,108.360001
3/27/2017,233.619995,136.080002,18.450001,36.27,108.620003
3/28/2017,235.320007,136.509995,18.469999,36.830002,108.370003
3/29/2017,235.539993,136.179993,18.450001,36.630001,108.610001
3/30/2017,236.289993,136.880005,18.33,36.41,108.410004
3/31/2017,235.740005,136.889999,18.120001,36.299999,108.489998
4/3/2017,235.330002,136.020004,18.030001,36.119999,108.669998
4/4/2017,235.479996,135.339996,18.049999,35.860001,108.57
4/5/2017,234.779999,134.399994,18.129999,35.299999,108.690002
4/6/2017,235.440002,134.610001,18.030001,35.18,108.68
4/7/2017,235.199997,135.190002,18.059999,35.029999,108.440002
4/10/2017,235.339996,134.149994,18.08,34.990002,108.580002
4/11/2017,235.059998,133.070007,18.08,35.060001,108.889999
4/12/2017,234.029999,130.779999,18.18,34.84,109.129997
4/13/2017,232.509995,129.910004,18.309999,34.599998,109.269997
4/17/2017,234.570007,131.529999,18.23,34.950001,109.209999
4/18/2017,233.869995,132.139999,18.139999,34.720001,109.650002
4/19/2017,233.440002,132.830002,18.15,34.790001,109.480003
4/20/2017,235.339996,134.929993,18.08,35.400002,109.309998
4/21/2017,234.589996,134.360001,18.16,35.5,109.339996
4/24/2017,237.169998,136.289993,18.280001,35.860001,109.18
4/25/2017,238.550003,137.679993,18.190001,36.299999,108.82
4/26/2017,238.399994,136.550003,18.1,36.459999,108.959999
4/27/2017,238.600006,138.470001,18.07,36.220001,109.059998
4/28/2017,238.080002,136.110001,18.07,36.209999,109.25
5/1/2017,238.679993,137.460007,18.299999,36.32,108.730003
5/2/2017,238.770004,136.009995,18.290001,36.130001,108.879997
5/3/2017,238.479996,136.479996,18.370001,36.02,108.769997
5/4/2017,238.759995,136.380005,18.27,35.970001,108.68
5/5/2017,239.699997,136.919998,18.280001,36.419998,108.699997
5/8/2017,239.660004,136.380005,18.200001,36.470001,108.489998
5/9/2017,239.440002,137.729996,18.35,36.299999,108.5
5/10/2017,239.869995,140.649994,18.26,36.220001,108.529999
5/11/2017,239.380005,141.160004,18.23,36.259998,108.519997
5/12/2017,238.979996,141.559998,18.17,36.25,108.919998
5/15/2017,240.300003,143.75,18.18,36.43,108.879997
5/16/2017,240.080002,145.809998,18.280001,36.459999,109.019997
5/17/2017,235.820007,139.520004,18.290001,36.07,109.580002
5/18/2017,236.770004,142.119995,17.93,36.130001,109.519997
5/19/2017,238.309998,143.690002,18.02,36.529999,109.519997
5/22/2017,239.520004,145.259995,18.110001,36.689999,109.449997
5/23/2017,240.050003,144.679993,17.99,36.490002,109.239998
5/24/2017,240.610001,145.619995,17.99,36.310001,109.43
5/25/2017,241.759995,146.360001,17.799999,36.310001,109.480003
5/26/2017,241.710007,147.029999,17.65,36.220001,109.440002
5/30/2017,241.5,148.009995,17.530001,36.419998,109.650002
5/31/2017,241.440002,147.990005,17.51,36.490002,109.760002
6/1/2017,243.360001,148.139999,17.530001,37,109.480003
6/2/2017,244.169998,149.649994,17.66,37.57,109.839996
6/5/2017,243.990005,150.009995,17.620001,37.240002,109.669998
6/6/2017,243.210007,150.5,17.74,37.130001,109.889999
6/7/2017,243.660004,151.619995,17.75,37.16,109.760002
6/8/2017,243.779999,154.389999,17.889999,37.18,109.650002
6/9/2017,243.410004,147.899994,17.969999,37.049999,109.559998
6/12/2017,243.360001,147.050003,17.83,37.049999,109.559998
6/13/2017,244.550003,148.050003,17.809999,37.5,109.589996
6/14/2017,244.240005,146.5,17.83,37.5,109.940002
6/15/2017,243.770004,145.339996,17.93,37.02,109.870003
6/16/2017,242.639999,144.759995,18.02,36.970001,109.940002
6/19/2017,244.660004,147.509995,17.99,37.130001,109.790001
6/20/2017,243.009995,145.850006,17.870001,36.869999,109.959999
6/21/2017,242.949997,147.539993,17.66,36.93,109.980003
6/22/2017,242.839996,147.199997,17.4,36.66,110.029999
6/23/2017,243.130005,147.639999,17.34,36.48,110.050003
6/26/2017,243.289993,146.369995,17.389999,36.75,110.150002
6/27/2017,241.330002,142.110001,17.43,36.700001,109.82
6/28/2017,243.490005,144.570007,17.51,36.950001,109.860001
6/29/2017,241.350006,140.970001,17.559999,36.639999,109.650002
6/30/2017,241.800003,140.199997,18.049999,36.759998,109.510002
7/3/2017,242.210007,138.279999,18.540001,37.200001,109.089996
7/5/2017,242.770004,141.110001,18.790001,37,109.150002
7/6/2017,240.550003,140.490005,18.790001,36.860001,108.940002
7/7/2017,242.110001,142.860001,19.049999,37.130001,108.900002
7/10/2017,242.369995,144.509995,19.450001,36.959999,108.949997
7/11/2017,242.190002,145.710007,19.549999,37.310001,109.050003
7/12/2017,244.009995,148.039993,19.5,37.720001,109.379997
7/13/2017,244.419998,147.580002,18.67,37.709999,109.260002
7/14/2017,245.559998,149.559998,18.950001,38,109.370003
7/17/2017,245.529999,148.949997,18.809999,38.02,109.419998
7/18/2017,245.660004,149.410004,18.860001,37.790001,109.669998
7/19/2017,246.990005,150.789993,19.08,37.970001,109.699997
7/20/2017,247.100006,151.229996,19.33,38.099998,109.730003
7/21/2017,246.880005,149.940002,19.280001,37.529999,109.919998
7/24/2017,246.820007,149.490005,19.02,37.34,109.82
7/25/2017,247.419998,149.360001,18.74,37.43,109.43
7/26/2017,247.429993,151,18.84,37.509998,109.639999
7/27/2017,247.199997,148.699997,18.959999,37.48,109.480003
7/28/2017,246.910004,148.130005,19.030001,37.290001,109.699997
7/31/2017,246.770004,146.979996,18.93,37.290001,109.650002
8/1/2017,247.320007,147.889999,18.33,37.299999,109.720001
8/2/2017,247.440002,146.820007,18.42,37.290001,109.639999
8/3/2017,246.960007,146.270004,18.209999,37.240002,109.860001
8/4/2017,247.410004,146.330002,18.120001,37.630001,109.68
8/7/2017,247.869995,148.850006,18.34,37.630001,109.669998
8/8/2017,247.259995,148.419998,18.41,37.759998,109.57
8/9/2017,247.25,147.919998,18.42,37.630001,109.669998
8/10/2017,243.759995,143.789993,17.85,37.34,109.779999
8/11/2017,244.119995,144.600006,17.940001,37.220001,109.870003
8/14/2017,246.539993,148.279999,17.780001,37.709999,109.82
8/15/2017,246.509995,148.649994,17.57,37.549999,109.660004
8/16/2017,246.940002,148.889999,17.58,37.630001,109.860001
8/17/2017,243.089996,145.130005,17.73,37.630001,110.019997
8/18/2017,242.710007,145.350006,17.77,37.18,109.949997
8/21/2017,242.899994,144.270004,17.75,37.049999,110.029999
8/22/2017,245.440002,146.649994,17.809999,37.400002,109.93
8/23/2017,244.559998,147.270004,17.809999,37.360001,110.18
8/24/2017,243.990005,147.289993,17.940001,37.459999,110.040001
8/25/2017,244.559998,146.580002,17.9,37.759998,110.120003
8/28/2017,244.570007,147.020004,17.889999,37.57,110.160004
8/29/2017,244.850006,147.25,17.799999,37.540001,110.32
8/30/2017,246.009995,149.770004,17.719999,37.459999,110.300003
8/31/2017,247.490005,151.25,18,37.689999,110.449997
9/1/2017,247.839996,151.910004,18.030001,37.860001,109.970001
9/5/2017,246.059998,149.830002,18.379999,37.75,110.419998
9/6/2017,246.899994,150.070007,18.389999,38.150002,110.300003
9/7/2017,246.869995,150.330002,18.4,38.459999,110.57
9/8/2017,246.580002,148.559998,18.26,38.400002,110.440002
9/11/2017,249.210007,151.389999,18.26,38.669998,110.139999
9/12/2017,250.050003,152.070007,18.07,39.200001,109.980003
9/13/2017,250.169998,152.369995,18.15,39.27,109.870003
9/14/2017,250.089996,152.970001,18.450001,39.400002,109.93
9/15/2017,249.190002,155.639999,18.370001,39.490002,109.910004
9/18/2017,249.720001,157.679993,18.360001,39.830002,109.860001
9/19/2017,249.970001,158.179993,18.34,40.119999,109.800003
9/20/2017,250.059998,156,18.41,40.380001,109.709999
9/21/2017,249.389999,155.330002,18.389999,40.43,109.690002
9/22/2017,249.440002,156.119995,18.620001,40.310001,109.769997
9/25/2017,248.929993,153.110001,18.379999,40.009998,110.029999
9/26/2017,249.080002,152.369995,18.26,40.290001,109.989998
9/27/2017,250.050003,156.059998,18.299999,40.400002,109.669998
9/28/2017,250.350006,157.210007,18.209999,40.130001,109.68
9/29/2017,251.229996,158.570007,18.360001,40.279999,109.589996
10/2/2017,252.320007,159.630005,18.139999,40.41,109.43
10/3/2017,252.860001,160.070007,18.15,41.080002,109.519997
10/4/2017,253.160004,160.440002,18.15,41.389999,109.489998
10/5/2017,254.660004,160.580002,18.379999,41.470001,109.440002
10/6/2017,254.369995,161.210007,18.450001,41.700001,109.279999
10/9/2017,253.949997,162.440002,18.280001,41.52,109.43
10/10/2017,254.619995,163.350006,18.33,41.75,109.440002
10/11/2017,255.020004,164.470001,18.299999,41.740002,109.459999
10/12/2017,254.639999,163.949997,18.780001,41.68,109.589996
10/13/2017,254.949997,165,18.870001,41.869999,109.860001
10/16/2017,255.289993,165.779999,18.709999,41.66,109.75
10/17/2017,255.470001,165.639999,18.639999,41.599998,109.709999
10/18/2017,255.720001,166.199997,18.6,41.880001,109.540001
10/19/2017,255.789993,165.779999,18.66,41.419998,109.620003
10/20/2017,257.109985,166.630005,18.49,41.52,109.300003
10/23/2017,256.109985,167.449997,18.530001,41.380001,109.419998
10/24/2017,256.559998,168.619995,18.48,41.720001,109.190002
10/25/2017,255.289993,166.410004,18.450001,41.360001,109.120003
10/26/2017,255.619995,167.389999,18.389999,41.68,109
10/27/2017,257.709991,170.889999,18.469999,41.48,109.239998
10/30/2017,256.75,171.350006,18.43,41.259998,109.540001
10/31/2017,257.149994,172.720001,18.440001,41.599998,109.470001
11/1/2017,257.48999,172.089996,18.549999,42,109.290001
11/2/2017,257.589996,172.940002,18.67,41.970001,109.349998
11/3/2017,258.450012,176,18.450001,42,109.449997
11/6/2017,258.850006,178.490005,18.6,42.080002,109.550003
11/7/2017,258.670013,178.330002,18.639999,41.970001,109.580002
11/8/2017,259.109985,178.899994,18.67,41.91,109.510002
11/9/2017,258.170013,175.320007,18.459999,41.349998,109.43
11/10/2017,258.089996,176.479996,18.459999,41.279999,108.989998
11/13/2017,258.329987,176.990005,18.24,41.52,108.989998
11/14/2017,257.730011,176.830002,18.15,41.599998,109.099998
11/15/2017,256.440002,175.240005,18.27,41.18,109.309998
11/16/2017,258.619995,177.850006,18.24,41.84,109.190002
11/17/2017,257.859985,177.070007,18.549999,41.68,109.309998
11/20/2017,258.299988,179.179993,18.5,42.049999,109.25
11/21/2017,259.98999,181.229996,18.48,42.610001,109.360001
11/22/2017,259.76001,180.130005,18.629999,42.470001,109.550003
11/24/2017,260.359985,181.75,18.549999,42.700001,109.529999
11/27/2017,260.230011,179.470001,18.610001,42.25,109.529999
11/28/2017,262.869995,179.550003,18.59,42.830002,109.529999
11/29/2017,262.709991,171.639999,18.559999,42.27,109.260002
11/30/2017,265.01001,172.559998,18.469999,42.400002,109.080002
12/1/2017,264.459991,170.690002,18.6,42,109.160004
12/4/2017,264.140015,166.589996,18.709999,42.200001,109.150002
12/5/2017,263.190002,166.720001,18.870001,42,109.260002
12/6/2017,263.23999,167.259995,18.780001,41.450001,109.370003
12/7/2017,264.070007,168.889999,18.559999,41.509998,109.230003
12/8/2017,265.51001,168.020004,18.51,41.5,109.190002
12/11/2017,266.309998,169.029999,18.4,41.759998,109.150002
12/12/2017,266.779999,167.380005,18.34,41.740002,109.099998
12/13/2017,266.75,167.350006,18.33,42.009998,109.410004
12/14/2017,265.660004,167.179993,18.16,42,109.440002
12/15/2017,266.51001,169.800003,18.139999,41.919998,109.470001
12/18/2017,268.200012,173.440002,18.02,42.150002,109.330002
12/19/2017,267.170013,172.940002,17.91,42.259998,109.010002
12/20/2017,267.029999,174.199997,17.9,42.099998,108.760002
12/21/2017,267.579987,172.360001,17.790001,41.91,108.82
12/22/2017,267.51001,172.259995,17.82,42,108.870003
12/26/2017,267.190002,170.539993,17.98,42.119999,108.959999
12/27/2017,267.320007,171.089996,17.91,41.970001,109.300003
12/28/2017,267.869995,171.570007,17.76,41.959999,109.220001
12/29/2017,266.859985,169.809998,17.879999,42.209999,109.330002
1/2/2018,268.769989,174.419998,17.950001,42.560001,109.169998
1/3/2018,270.470001,177.470001,18.02,43,109.18
1/4/2018,271.609985,178.470001,17.959999,43.41,109.110001
1/5/2018,273.420013,179.490005,18.01,43.810001,109.040001
1/8/2018,273.920013,180.899994,17.879999,43.880001,109.010002
1/9/2018,274.540009,179.119995,17.91,43.869999,108.709999
1/10/2018,274.119995,176.970001,17.709999,43.66,108.709999
1/11/2018,276.119995,178.029999,17.65,43.93,108.760002
1/12/2018,277.920013,178.990005,17.83,44.389999,108.739998
1/16/2018,276.970001,179.580002,18,44.619999,108.769997
1/17/2018,279.609985,184.789993,18.02,44.610001,108.650002
1/18/2018,279.140015,185.619995,18.09,44.049999,108.410004
1/19/2018,280.410004,185.809998,18.139999,44.490002,108.18
1/22/2018,282.690002,187.190002,18.25,44.759998,108.139999
1/23/2018,283.290009,188.690002,18.299999,44.889999,108.400002
1/24/2018,283.179993,184.369995,18.379999,44.799999,108.290001
1/25/2018,283.299988,181.169998,18.360001,44.25,108.57
1/26/2018,286.579987,186.960007,18.27,44.299999,108.370003
1/29/2018,284.679993,186.690002,18.389999,44.310001,108.18
1/30/2018,281.76001,182.979996,18.51,43.91,108.010002
1/31/2018,281.899994,184.470001,18.469999,43.689999,108.099998
2/1/2018,281.579987,183.559998,18.290001,43.529999,107.519997
2/2/2018,275.450012,178.619995,18.139999,42.82,107.199997
2/5/2018,263.929993,170.210007,17.98,41.560001,107.629997
2/6/2018,269.130005,176.369995,18.32,42.860001,107.32
2/7/2018,267.670013,172.589996,18.25,42.59,107.080002
2/8/2018,257.630005,165.339996,18.27,41.57,106.900002
2/9/2018,261.5,170.100006,18.18,41.459999,106.760002
2/12/2018,265.339996,173.369995,18.49,42.389999,106.790001
2/13/2018,266,173.169998,18.68,41.970001,106.82
2/14/2018,269.589996,177.229996,18.73,42.669998,106.459999
2/15/2018,273.029999,179.339996,18.870001,42.73,106.589996
2/16/2018,273.109985,178.699997,18.809999,43.040001,106.800003
2/20/2018,271.399994,181.860001,18.84,42.360001,106.690002
2/21/2018,270.049988,179.770004,18.99,42.279999,106.349998
2/22/2018,270.399994,179.369995,18.93,42.330002,106.360001
2/23/2018,274.709991,183.210007,19.01,42.630001,106.629997
2/26/2018,277.899994,187.160004,18.969999,43.25,106.709999
2/27/2018,274.429993,186.539993,19.049999,42.759998,106.480003
2/28/2018,271.649994,184.880005,19.120001,42.73,106.769997
3/1/2018,267.700012,181.960007,19.309999,41.540001,106.629997
3/2/2018,269.079987,185.050003,19.33,41.41,106.459999
3/5/2018,272.190002,186.710007,19.450001,41.5,106.400002
3/6/2018,272.880005,189.520004,19.42,41.93,106.419998
3/7/2018,272.779999,190.130005,19.25,41.610001,106.400002
3/8/2018,274.100006,190.300003,19.23,41.73,106.57
3/9/2018,278.869995,194.25,18.92,41.849998,106.370003
3/12/2018,278.519989,196.309998,19,42.119999,106.43
3/13/2018,276.720001,193.279999,19.129999,41.700001,106.57
3/14/2018,275.299988,193.259995,18.799999,41.830002,106.75
3/15/2018,275,193.110001,18.93,41.939999,106.760002
3/16/2018,274.200012,193.029999,19.01,41.939999,106.699997
3/19/2018,270.48999,189.350006,18.690001,41.330002,106.589996
3/20/2018,270.950012,190.740005,18.75,41.330002,106.419998
3/21/2018,270.429993,191.100006,18.780001,41.869999,106.410004
3/22/2018,263.670013,185.699997,18.799999,40.810001,106.610001
3/23/2018,258.049988,179.520004,18.74,40,106.610001
3/26/2018,265.109985,187.009995,18.780001,40.799999,106.57
3/27/2018,260.600006,180.130005,18.610001,40.23,106.879997
3/28/2018,259.829987,176.229996,18.6,40.389999,106.940002
3/29/2018,263.149994,180.050003,19.049999,40.880001,107.25
4/2/2018,257.470001,173.169998,18.940001,40.25,106.900002
4/3/2018,260.769989,176.449997,18.92,41,106.779999
4/4/2018,263.559998,178.720001,18.58,41.599998,106.82
4/5/2018,265.640015,176.889999,18.82,41.59,106.669998
4/6/2018,259.720001,171.539993,18.84,41.59,106.910004
4/9/2018,261,172.619995,19.01,41.580002,107
4/10/2018,265.149994,178.139999,19.08,42.130001,106.919998
4/11/2018,263.76001,178.210007,19,41.919998,107.010002
4/12/2018,265.929993,181.570007,19.120001,41.889999,106.769997
4/13/2018,265.149994,180.229996,19.059999,41.919998,106.800003
4/16/2018,267.329987,180.550003,18.940001,41.799999,106.82
4/17/2018,270.190002,183.970001,18.950001,42.049999,106.849998
4/18/2018,270.390015,182.160004,18.969999,41.73,106.550003
4/19/2018,268.890015,174.279999,18.969999,41.360001,106.290001
4/20/2018,266.609985,172.220001,18.879999,41.169998,106
4/23/2018,266.570007,169.929993,18.73,41.080002,105.949997
4/24/2018,262.980011,168.559998,18.74,40.990002,105.809998
4/25/2018,263.630005,168.350006,18.780001,40.98,105.669998
4/26/2018,266.309998,171.789993,18.76,41.349998,105.849998
4/27/2018,266.559998,170.589996,18.950001,41.299999,105.980003
4/30/2018,264.51001,168.720001,18.9,41.290001,106
5/1/2018,264.980011,171.490005,19,40.880001,105.669998
5/2/2018,263.200012,170.729996,18.879999,41.009998,105.669998
5/3/2018,262.619995,171.75,18.98,40.75,105.790001
5/4/2018,266.019989,175.779999,18.799999,41.060001,105.860001
5/7/2018,266.920013,177.479996,18.440001,41.040001,105.809998
5/8/2018,266.920013,178.529999,18.540001,40.970001,105.690002
5/9/2018,269.5,181.25,18.48,40.639999,105.57
5/10/2018,272.019989,184.550003,18.59,41.09,105.809998
5/11/2018,272.850006,183.199997,18.309999,41.380001,105.860001
5/14/2018,272.980011,185.440002,18.42,41.139999,105.760002
5/15/2018,271.100006,183.429993,18.4,40.919998,105.290001
5/16/2018,272.23999,185.789993,18.25,41.139999,105.169998
5/17/2018,272.01001,185.25,18.139999,41.18,105.029999
5/18/2018,271.329987,182.600006,18.15,40.959999,105.300003
5/21/2018,273.369995,184.429993,18.58,41.259998,105.309998
5/22/2018,272.609985,185.460007,18.66,41.419998,105.309998
5/23/2018,273.359985,186.460007,18.860001,40.810001,105.599998
5/24/2018,272.799988,187.210007,18.799999,40.32,105.889999
5/25/2018,272.149994,188.720001,18.870001,40,106.120003
5/29/2018,269.019989,187.580002,18.780001,39.220001,106.82
5/30/2018,272.609985,188.800003,18.629999,39.66,106.550003
5/31/2018,270.940002,187.429993,18.629999,39.830002,106.459999
6/1/2018,273.600006,191.699997,18.799999,40.27,106.080002
6/4/2018,274.899994,193.220001,18.440001,40.77,105.830002
6/5/2018,275.100006,194.139999,18.450001,40.580002,105.910004
6/6/2018,277.399994,195.369995,18.370001,41.029999,105.669998
6/7/2018,277.369995,193.630005,18.07,41.220001,105.900002
6/8/2018,278.190002,191.899994,18.02,41.220001,105.75
6/11/2018,278.559998,191.529999,17.719999,41.220001,105.639999
6/12/2018,278.920013,192.520004,17.799999,41.099998,105.669998
6/13/2018,278.029999,192.229996,17.5,41.119999,105.57
6/14/2018,278.730011,193.380005,17.360001,40.990002,105.839996
6/15/2018,277.130005,193.210007,17,40.540001,105.879997
6/18/2018,276.559998,191.350006,17.040001,40.509998,105.900002
6/19/2018,275.5,189.25,16.75,39.740002,106.010002
6/20/2018,275.970001,190.160004,16.76,39.759998,105.809998
6/21/2018,274.23999,187.800003,16.6,38.439999,105.839996
6/22/2018,274.73999,186.309998,16.84,38.490002,105.940002
6/25/2018,271,180.830002,16.49,37.68,105.879997
6/26/2018,271.600006,180.850006,16.370001,37.709999,106.050003
6/27/2018,269.350006,176.529999,16.379999,37.360001,106.239998
6/28/2018,270.890015,177.869995,16.32,37.139999,106.230003
6/29/2018,271.279999,178.240005,16.24,37.169998,106.32
7/2/2018,271.859985,179.360001,16.1,36.709999,105.989998
7/3/2018,270.899994,176.089996,16.02,36.650002,106.209999
7/5/2018,273.109985,180.800003,15.84,37.029999,106.309998
7/6/2018,275.420013,183.020004,16.469999,37.299999,106.419998
7/9/2018,277.899994,184.190002,16.139999,37.48,106.32
7/10/2018,278.899994,186.139999,16.129999,37.68,106.239998
7/11/2018,276.859985,181.360001,15.73,36.84,106.279999
7/12/2018,279.369995,182.580002,15.74,37.040001,106.410004
7/13/2018,279.589996,181.919998,15.51,37.09,106.510002
7/16/2018,279.339996,181.669998,15.74,36.849998,106.389999
7/17/2018,280.470001,184.279999,15.85,37.450001,106.349998
7/18/2018,281.059998,185.699997,15.88,37.389999,106.32
7/19/2018,280,185.289993,15.96,37.259998,106.480003
7/20/2018,279.679993,184.419998,16.02,37.150002,106.269997
7/23/2018,280.200012,184.669998,15.97,36.950001,105.900002
7/24/2018,281.609985,182.660004,16.18,37.650002,106.050003
7/25/2018,284.01001,183.350006,16.35,37.869999,106.059998
7/26/2018,283.339996,186.929993,16.15,37.400002,106
7/27/2018,281.420013,186.100006,16.360001,37.349998,106.080002
7/30/2018,279.950012,184.279999,16.49,37.490002,105.970001
7/31/2018,281.329987,185.5,16.860001,37.450001,106.059998
8/1/2018,280.859985,185.229996,16.66,37.09,105.699997
8/2/2018,282.390015,187.050003,16.629999,36.860001,105.739998
8/3/2018,283.600006,187.440002,16.68,37.169998,105.970001
8/6/2018,284.640015,188.570007,16.52,37.209999,106.040001
8/7/2018,285.579987,190.070007,16.700001,37.66,105.849998
8/8/2018,285.459991,190.509995,16.860001,37.68,105.849998
8/9/2018,285.070007,188.630005,16.73,37.299999,106
8/10/2018,283.160004,183.949997,16.030001,36.720001,106.230003
8/13/2018,282.100006,184.220001,16.129999,36.509998,106.290001
8/14/2018,283.899994,183.850006,16.280001,36.43,106.190002
8/15/2018,281.779999,181.300003,16.120001,35.619999,106.339996
8/16/2018,284.059998,181.070007,16.65,35.619999,106.400002
8/17/2018,285.059998,179.720001,16.65,35.830002,106.459999
8/20/2018,285.670013,179.559998,16.549999,36.169998,106.669998
8/21/2018,286.339996,183.059998,16.43,36.740002,106.580002
8/22/2018,286.170013,183.919998,16.190001,36.759998,106.669998
8/23/2018,285.790009,184.130005,15.87,36.099998,106.610001
8/24/2018,287.51001,186.800003,15.89,36.23,106.730003
8/27/2018,289.779999,189.770004,15.82,37.200001,106.589996
8/28/2018,289.920013,190.5,15.6,37.27,106.389999
8/29/2018,291.480011,191,15.63,37.290001,106.370003
8/30/2018,290.299988,189.289993,15.5,36.610001,106.419998
8/31/2018,290.309998,190.320007,15.79,36.299999,106.410004
9/4/2018,289.809998,191.850006,15.76,35.689999,106.059998
9/5/2018,289.029999,190.919998,15.67,35.5,106.010002
9/6/2018,288.160004,185.860001,15.68,35.580002,106.190002
9/7/2018,287.600006,185.089996,15.79,35.07,105.809998
9/10/2018,288.100006,187.050003,15.8,35.259998,105.910004
9/11/2018,289.049988,185.240005,15.52,35,105.730003
9/12/2018,289.119995,183.100006,15.71,35.400002,105.800003
9/13/2018,290.829987,185.190002,15.62,35.779999,105.870003
9/14/2018,290.880005,187.270004,15.55,35.889999,105.669998
9/17/2018,289.339996,184.660004,15.46,35.970001,105.669998
9/18/2018,290.910004,186.25,15.3,36.419998,105.440002
9/19/2018,291.220001,186.539993,15.57,36.939999,105.239998
9/20/2018,293.579987,188.800003,15.85,37.490002,105.379997
9/21/2018,291.98999,188.289993,15.88,37.639999,105.459999
9/24/2018,291.019989,188.940002,15.75,37.25,105.360001
9/25/2018,290.75,185.929993,15.85,36.799999,105.309998
9/26/2018,289.880005,183.199997,15.92,36.650002,105.559998
9/27/2018,290.690002,183.889999,15.98,36.540001,105.629997
9/28/2018,290.720001,185.050003,15.85,36.360001,105.519997
10/1/2018,291.730011,185.690002,16.02,36.599998,105.239998
10/2/2018,291.559998,185.690002,16.200001,36.209999,105.360001
10/3/2018,291.720001,185.860001,16.120001,36.130001,104.860001
10/4/2018,289.440002,182.570007,16.1,35.57,104.559998
10/5/2018,287.820007,178.25,16.25,35.27,104.330002
10/8/2018,287.820007,176.259995,16.219999,35.09,104.290001
10/9/2018,287.399994,176.059998,16.120001,34.73,104.440002
10/10/2018,278.299988,168.289993,15.92,33.91,104.410004
10/11/2018,272.170013,166.610001,16.030001,33.619999,104.720001
10/12/2018,275.950012,169.639999,16.23,33.68,104.75
10/15/2018,274.399994,168.25,16.610001,33.619999,104.68
10/16/2018,280.399994,173.729996,16.459999,34.110001,104.739998
10/17/2018,280.450012,173.039993,16.49,33.790001,104.529999
10/18/2018,276.399994,168.710007,16.16,32.970001,104.459999
10/19/2018,276.25,166.179993,15.98,32.880001,104.370003
10/22/2018,275.01001,167.199997,15.99,33,104.349998
10/23/2018,273.609985,166.330002,16,33.240002,104.480003
10/24/2018,265.320007,155.419998,15.87,32.23,104.75
10/25/2018,270.079987,158.889999,15.75,32.799999,104.660004
10/26/2018,265.329987,156.130005,15.78,33.009998,104.900002
10/29/2018,263.859985,154.5,15.69,32.759998,104.790001
10/30/2018,267.769989,160.919998,15.59,33.490002,104.639999
10/31/2018,270.630005,162.960007,15.62,34.259998,104.589996
11/1/2018,273.51001,170.610001,16.120001,34.369999,104.339996
11/2/2018,271.890015,168.039993,16.309999,34.529999,104.029999
11/5/2018,273.390015,166.509995,16.23,34.27,104.099998
11/6/2018,275.119995,168.449997,16.280001,34.509998,104.110001
11/7/2018,281.01001,170.360001,16.16,34.610001,104.199997
11/8/2018,280.5,169.899994,16.139999,34.009998,104.010002
11/9/2018,277.76001,166.660004,16.280001,33.700001,104.139999
11/12/2018,272.570007,159.220001,16.190001,33.27,104.309998
11/13/2018,272.059998,161.410004,16.18,33.41,104.349998
11/14/2018,270.200012,162.119995,16.209999,33.59,104.360001
11/15/2018,273.019989,167.600006,16.309999,33.700001,104.489998
11/16/2018,273.730011,165.580002,16.309999,33.549999,104.660004
11/19/2018,269.100006,159.25,16.02,33.25,104.650002
11/20/2018,264.119995,159.449997,16.18,32.830002,104.610001
11/21/2018,265.019989,160.110001,16.209999,33.330002,104.68
11/23/2018,263.25,160.199997,16.16,33.119999,104.650002
11/26/2018,267.5,163.100006,15.85,33.790001,104.629997
11/27/2018,268.399994,163.339996,16.120001,33.59,104.660004
11/28/2018,274.579987,167.160004,16.35,33.849998,104.860001
11/29/2018,273.980011,165.940002,16.27,33.720001,104.910004
11/30/2018,275.649994,168.25,16.360001,33.970001,104.879997
12/3/2018,279.299988,172.669998,16.57,34.59,104.800003
12/4/2018,270.25,164.410004,16.620001,33.869999,105.080002
12/6/2018,269.839996,163.570007,16.639999,32.700001,105.339996
12/7/2018,263.570007,157.470001,16.75,32.549999,105.480003
12/10/2018,264.070007,159.490005,16.610001,32.200001,105.550003
12/11/2018,264.130005,160.509995,16.75,32.34,105.580002
12/12/2018,265.459991,162.789993,16.82,32.91,105.5
12/13/2018,265.369995,162.449997,16.620001,33.07,105.529999
12/14/2018,260.470001,160.149994,16.48,32.669998,105.559998
12/17/2018,255.360001,157.740005,16.57,32.380001,105.739998
12/18/2018,255.080002,159.820007,16.610001,32.209999,105.839996
12/19/2018,251.259995,153.020004,16.450001,32.349998,105.940002
12/20/2018,247.169998,151.960007,16.360001,31.59,105.839996
12/21/2018,240.699997,149.380005,16.139999,31.18,105.790001
12/24/2018,234.339996,145,16.200001,30.82,105.860001
12/26/2018,246.179993,153.699997,15.95,31.32,105.660004
12/27/2018,248.070007,154.710007,16.02,31.15,105.830002
12/28/2018,247.75,155.820007,16.200001,31.379999,106.220001
12/31/2018,249.919998,156.910004,16.18,31.35,106.489998
1/2/2019,250.179993,157.919998,16.379999,31.1,106.57
1/3/2019,244.210007,148.710007,16.459999,30.74,107.010002
1/4/2019,252.389999,155.419998,16.639999,31.629999,106.690002
1/7/2019,254.380005,158.289993,16.68,32.150002,106.510002
1/8/2019,256.769989,157.600006,16.57,32.360001,106.43
1/9/2019,257.970001,161.649994,16.719999,32.93,106.519997
1/10/2019,258.880005,163.080002,16.389999,32.880001,106.400002
1/11/2019,258.980011,164.830002,16.450001,33.139999,106.550003
1/14/2019,257.399994,162.149994,16.360001,32.900002,106.400002
1/15/2019,260.350006,162.619995,16.200001,33.290001,106.419998
1/16/2019,260.980011,161.130005,16.25,33.48,106.510002
1/17/2019,262.959991,162.619995,16.49,33.23,106.43
1/18/2019,266.459991,166.850006,16.559999,33.790001,106.349998
1/22/2019,262.859985,162.050003,16.51,33.220001,106.440002
1/23/2019,263.410004,160.910004,16.549999,33.110001,106.550003
1/24/2019,263.549988,170.259995,16.58,33.540001,106.730003
1/25/2019,265.779999,173.789993,16.67,34.360001,106.68
1/28/2019,263.76001,170.360001,16.690001,33.91,106.620003
1/29/2019,263.410004,167.899994,16.620001,33.849998,106.900002
1/30/2019,267.579987,172.770004,16.65,34.150002,107.139999
1/31/2019,269.929993,172.690002,16.58,34.240002,107.459999
2/1/2019,270.059998,174.759995,16.6,34.310001,106.970001
2/4/2019,271.959991,175.639999,16.629999,34.169998,106.879997
2/5/2019,273.100006,176.440002,16.65,34.330002,107.110001
2/6/2019,272.73999,181.190002,16.67,33.98,107.050003
2/7/2019,270.140015,177.259995,16.540001,33.150002,107.099998
2/8/2019,270.470001,176.949997,16.59,32.84,107.339996
2/11/2019,270.619995,177.820007,16.389999,32.889999,107.230003
2/12/2019,274.100006,181.580002,16.620001,33.830002,107.25
2/13/2019,274.98999,182.160004,16.58,33.599998,107.059998
2/14/2019,274.380005,182.649994,16.41,33.369999,107.220001
2/15/2019,277.369995,183.589996,16.459999,33.669998,107.300003
2/19/2019,277.850006,183.339996,16.309999,33.849998,107.360001
2/20/2019,278.410004,184.899994,16.35,34.23,107.370003
2/21/2019,277.420013,183.529999,16.49,34.189999,107.129997
2/22/2019,279.140015,185.5,16.49,34.369999,107.400002
2/25/2019,279.519989,187.029999,16.469999,34.869999,107.370003
2/26/2019,279.320007,185.860001,16.360001,34.869999,107.489998
2/27/2019,279.200012,183.630005,16.370001,34.77,107.260002
2/28/2019,278.679993,183.740005,16.26,34.41,107.07
3/1/2019,280.420013,185.369995,16.25,34.650002,106.629997
3/4/2019,279.399994,185.389999,16.389999,34.34,106.760002
3/5/2019,279.019989,184.679993,16.33,34.139999,106.830002
3/6/2019,277.329987,181.630005,16.129999,33.860001,106.989998
3/7/2019,275.01001,179.669998,16.129999,33.02,107.290001
3/8/2019,274.459991,179.509995,16.01,32.759998,107.43
3/11/2019,278.440002,183.690002,15.94,33.27,107.440002
3/12/2019,279.48999,184.380005,16.02,33.240002,107.639999
3/13/2019,281.339996,185.119995,16.09,33.240002,107.589996
3/14/2019,281.160004,184.110001,16.1,32.75,107.43
3/15/2019,281.309998,189.449997,16.15,33.060001,107.699997
3/18/2019,282.329987,189.160004,16.09,33.380001,107.68
3/19/2019,282.399994,191.610001,16.17,33.669998,107.620003
3/20/2019,281.549988,189.300003,16.110001,33.389999,108.059998
3/21/2019,284.730011,195.839996,16.209999,33.259998,108.080002
3/22/2019,279.25,190.320007,16.049999,32.650002,108.620003
3/25/2019,279.040009,187.940002,16.15,32.529999,108.82
3/26/2019,281.119995,189.740005,16.049999,32.759998,108.839996
3/27/2019,279.649994,187.080002,15.88,32.799999,109.07
3/28/2019,280.709991,186.770004,15.83,32.720001,109.080002
3/29/2019,282.480011,189.539993,15.75,32.84,109.07
4/1/2019,285.829987,194.270004,15.95,33.639999,108.309998
4/2/2019,285.970001,194.559998,16.049999,33.880001,108.43
4/3/2019,286.420013,198.860001,16.049999,34.27,108.230003
4/4/2019,287.179993,199.289993,16.15,34.619999,108.309998
4/5/2019,288.570007,200.729996,16.049999,34.709999,108.389999
4/8/2019,288.790009,201.199997,16.049999,34.82,108.339996
4/9/2019,287.309998,199.110001,16.059999,34.57,108.400002
4/10/2019,288.290009,200.649994,16.08,34.740002,108.610001
4/11/2019,288.209991,200.479996,15.95,34.740002,108.480003
4/12/2019,290.160004,203.259995,15.94,35.09,108.269997
4/15/2019,289.970001,201.75,16.02,34.880001,108.25
4/16/2019,290.160004,208.210007,15.85,35.139999,108.059998
4/17/2019,289.450012,211.660004,15.72,36.119999,108.050003
4/18/2019,290.019989,211.690002,15.72,36.380001,108.190002
4/22/2019,290.269989,211.529999,15.67,36.169998,108.059998
4/23/2019,292.880005,213.710007,15.44,35.91,108.25
4/24/2019,292.230011,215.690002,15.35,35.18,108.5
4/25/2019,292.049988,211.899994,15.38,34.73,108.489998
4/26/2019,293.410004,210.149994,15.32,34.919998,108.709999
4/29/2019,293.869995,209.899994,15.22,35.029999,108.519997
4/30/2019,294.019989,211.559998,15.1,34.959999,108.589996
5/1/2019,291.809998,209.869995,15.02,34.849998,108.400002
5/2/2019,291.179993,211.889999,14.91,34.950001,108.160004
5/3/2019,294.029999,213.550003,14.9,35.27,108.339996
5/6/2019,292.820007,210.070007,14.76,34.599998,108.480003
5/7/2019,287.929993,204.899994,14.76,33.900002,108.610001
5/8/2019,287.529999,203.149994,14.67,33.900002,108.589996
5/9/2019,286.660004,200.910004,14.46,33.220001,108.650002
5/10/2019,288.100006,201.199997,14.42,33.009998,108.669998
5/13/2019,280.859985,191.789993,14.35,32.220001,108.849998
5/14/2019,283.399994,196.210007,14.79,32.689999,108.940002
5/15/2019,285.059998,197.720001,14.84,32.860001,109.129997
5/16/2019,287.700012,194.600006,14.9,32.77,109
5/17/2019,285.839996,190.809998,14.57,32.240002,109.029999
5/20/2019,283.950012,183.199997,14.77,31.889999,108.879997
5/21/2019,286.51001,186.949997,14.61,32.009998,108.870003
5/22/2019,285.630005,183,14.75,31.6,109.050003
5/23/2019,282.140015,180.149994,14.63,31.18,109.370003
5/24/2019,282.779999,178.580002,14.74,31.440001,109.410004
5/28/2019,280.149994,177.050003,15.19,31.84,109.57
5/29/2019,278.269989,177.690002,15.39,31.690001,109.599998
5/30/2019,279.029999,179.190002,15.63,31.690001,109.889999
5/31/2019,275.269989,176.520004,15.47,31.120001,110.400002
6/3/2019,274.570007,176.940002,15.48,31.209999,110.400002
6/4/2019,280.529999,184.679993,15.51,32.290001,110.300003
6/5/2019,282.959991,183.350006,15.36,32.189999,110.239998
6/6/2019,284.799988,185.889999,15.32,32.119999,110.220001
6/7/2019,287.649994,187.990005,15.12,32.380001,110.529999
6/10/2019,288.970001,192.570007,15.25,32.650002,110.239998
6/11/2019,288.899994,193.339996,15.17,32.810001,110.220001
6/12/2019,288.390015,188.850006,15.49,32.810001,110.360001
6/13/2019,289.579987,189.759995,15.63,32.419998,110.599998
6/14/2019,289.26001,184.979996,15.7,31.6,110.57
6/17/2019,289.369995,182.860001,15.91,31.799999,110.540001
6/18/2019,292.399994,190.770004,15.9,32.32,110.839996
6/19/2019,293.059998,191.149994,15.74,32.419998,111.220001
6/20/2019,295.859985,192.759995,15.96,32.549999,111.410004
6/21/2019,294,191.660004,15.73,32.700001,111.120003
6/24/2019,293.640015,191.860001,15.86,32.689999,111.32
6/25/2019,290.76001,189.210007,15.75,32.689999,111.339996
6/26/2019,290.470001,195.320007,15.6,32.709999,111.089996
6/27/2019,291.5,198.160004,15.53,32.91,111.400002
6/28/2019,293,198.410004,15.73,32.91,111.349998
7/1/2019,295.660004,203.410004,15.48,33.400002,111.18
7/2/2019,296.429993,200.869995,15.36,33.119999,111.379997
7/3/2019,298.799988,199.949997,15.49,33.119999,111.559998
7/5/2019,298.459991,198.809998,15.27,33.27,111.089996
7/8/2019,296.820007,197.270004,15.35,33.189999,111.029999
7/9/2019,297.190002,198.5,15.49,32.740002,111
7/10/2019,298.609985,200.100006,15.61,32.82,111.080002
7/11/2019,299.309998,200.660004,15.71,32.549999,110.669998
7/12/2019,300.649994,204.309998,15.9,32.549999,110.790001
7/15/2019,300.75,206.100006,15.7,33.029999,110.949997
7/16/2019,299.779999,203.910004,15.45,33.029999,110.830002
7/17/2019,297.73999,204.520004,15.38,32.900002,111.120003
7/18/2019,298.829987,207.479996,15.39,32.75,111.300003
7/19/2019,297.170013,207.240005,15.7,32.84,111.169998
7/22/2019,297.899994,211.199997,15.45,32.830002,111.309998
7/23/2019,300.029999,213.910004,15.46,33.360001,111.199997
7/24/2019,301.440002,220.429993,15.55,33.700001,111.360001
7/25/2019,300,216.729996,15.39,32.84,111.190002
7/26/2019,302.01001,216.669998,15.39,32.68,111.209999
7/29/2019,301.459991,217.259995,15.52,32.529999,111.260002
7/30/2019,300.720001,216.770004,15.35,32.259998,111.25
7/31/2019,297.429993,209.580002,15.16,32.110001,111.300003
8/1/2019,294.839996,205.440002,14.92,31.5,111.910004
8/2/2019,292.619995,202.410004,14.98,30.93,111.949997
8/5/2019,283.820007,193.669998,14.92,30.469999,112.440002
8/6/2019,287.799988,196.139999,14.92,30.85,112.739998
8/7/2019,287.970001,197.380005,14.92,30.700001,112.68
8/8/2019,293.619995,202.850006,15.22,31.27,112.790001
8/9/2019,291.619995,199.309998,15.34,31.01,112.639999
8/12/2019,288.070007,196.699997,15.09,31.01,113.050003
8/13/2019,292.549988,202.509995,15.31,30.780001,112.889999
8/14/2019,283.899994,196.279999,15.1,29.85,113.239998
8/15/2019,284.649994,195.919998,15,29.51,113.760002
8/16/2019,288.850006,201.139999,15.15,29.959999,113.669998
8/19/2019,292.329987,204.839996,14.92,30.129999,113.370003
8/20/2019,290.089996,204.080002,14.99,30.129999,113.68
8/21/2019,292.450012,205.75,15.04,30.18,113.620003
8/22/2019,292.359985,205.75,14.95,30.26,113.32
8/23/2019,284.850006,196.809998,14.77,29.76,113.779999
8/26/2019,288,198.479996,14.92,30.08,113.730003
8/27/2019,286.869995,197.740005,14.81,30.139999,114.089996
8/28/2019,288.890015,198.990005,14.92,30.33,114.099998
8/29/2019,292.579987,203.770004,14.96,30.59,114.029999
8/30/2019,292.450012,204.729996,14.96,30.690001,114.129997
9/3/2019,290.73999,201.360001,14.97,30.690001,113.839996
9/4/2019,294.040009,206.770004,15.05,30.969999,114.040001
9/5/2019,297.820007,213.130005,14.84,31.73,113.550003
9/6/2019,298.049988,213.699997,14.78,31.73,113.669998
9/9/2019,298.200012,214.479996,14.83,32.349998,113.190002
9/10/2019,298.130005,215.440002,15.05,32.580002,112.580002
9/11/2019,300.25,218.669998,14.94,33.02,112.599998
9/12/2019,301.290009,219.160004,15.41,33.150002,112.419998
9/13/2019,301.089996,218.720001,15.44,33.529999,111.75
9/16/2019,300.160004,217.309998,15.47,33.130001,112.050003
9/17/2019,300.920013,217.789993,15.38,32.860001,112.220001
9/18/2019,301.100006,218.190002,15.3,32.959999,112.349998
9/19/2019,301.079987,216.759995,15.36,32.860001,112.510002
9/20/2019,298.279999,212.770004,15.18,32.66,112.919998
9/23/2019,298.209991,215.279999,15.28,32.540001,112.970001
9/24/2019,295.869995,210.779999,15.33,32.27,113.279999
9/25/2019,297.619995,214.309998,15.25,32,112.809998
9/26/2019,297,214.580002,15.29,32.110001,113
9/27/2019,295.399994,209.559998,15.22,32.029999,113.139999
9/30/2019,296.769989,211.410004,15.51,32.119999,113.169998
10/1/2019,293.23999,209.429993,15.67,32.119999,113.120003
10/2/2019,288.059998,206.369995,15.64,31,113.199997
10/3/2019,290.420013,210,15.58,30.92,113.639999
10/4/2019,294.350006,213.490005,15.64,31.07,113.82
10/7/2019,293.079987,212.240005,15.68,31.139999,113.510002
10/8/2019,288.529999,205.669998,15.73,30.9,113.550003
10/9/2019,291.269989,209.029999,15.78,31.139999,113.489998
10/10/2019,293.23999,211.070007,15.79,31.389999,113.099998
10/11/2019,296.279999,216.050003,15.92,32.330002,112.730003
